postId,userId,createdAt,caption,mediaUrl,likeCount,commentCount
0239b492-d052-46ce-bf61-6ae25edaebcb,2,2025-01-08,Music is life ğŸµ,https://picsum.photos/600/600?random=564,1,0
d2fce984-8787-4215-8981-f345eedab309,2,2024-11-14,Nature walk ğŸŒ¿,https://picsum.photos/600/600?random=3504,1,1
3c28131c-adbf-497f-8d1d-ebf2845051b6,2,2025-01-19,Music is life ğŸµ,https://picsum.photos/600/600?random=3661,0,0
215781aa-ef1a-46cd-9893-ec1f47e4a74f,3,2025-04-27,Life is beautiful âœ¨,https://picsum.photos/600/600?random=8142,1,0
ce6a1e68-f4de-4311-8d31-875047ea8062,9,2025-02-25,Feeling grateful ğŸ™,https://picsum.photos/600/600?random=7279,0,0
97fce21e-0b57-4b58-a110-7d2e796d1092,9,2025-01-16,Sunset vibes ğŸŒ…,https://picsum.photos/600/600?random=5276,0,0
a5613ada-21db-4c2c-a716-ad7f0b1c6085,10,2025-06-16,Coffee time â˜•,https://picsum.photos/600/600?random=7664,5,0
f05e5947-fe6c-45c8-b54a-5667d1068c71,10,2025-01-13,Workout done ğŸ’ª,https://picsum.photos/600/600?random=3327,1,0
c3e5804b-0a24-4775-b0a1-b6d8581171d2,10,2024-09-17,Life is beautiful âœ¨,https://picsum.photos/600/600?random=1835,2,0
c7f70a14-8a4b-43c3-85e1-1ceac236b5c2,10,2025-03-16,Coffee time â˜•,https://picsum.photos/600/600?random=5205,2,0
e40d3d94-f7fd-452a-9484-c0113a626d84,11,2024-10-31,Music is life ğŸµ,https://picsum.photos/600/600?random=2255,2,0
e7d70970-0725-4884-adb6-a7b0daa5d26a,11,2025-01-06,Life is beautiful âœ¨,https://picsum.photos/600/600?random=2061,3,1
80564380-2dfd-47c1-b06b-f9d9344d61ce,12,2024-10-22,Workout done ğŸ’ª,https://picsum.photos/600/600?random=468,0,0
e697aed4-95c9-4bb1-8bb2-4cbd4135858a,15,2025-05-01,Weekend mood ğŸ˜,https://picsum.photos/600/600?random=5538,2,0
50c7caee-fbbf-4138-9e0e-298f99a66175,15,2025-08-03,Coffee time â˜•,https://picsum.photos/600/600?random=5697,0,0
c5d0044b-4be6-4a7f-bca0-060df7546db9,21,2025-02-18,Workout done ğŸ’ª,https://picsum.photos/600/600?random=8253,0,0
ab2148a6-d7d3-419d-81fd-dacec456a94d,25,2025-08-02,Workout done ğŸ’ª,https://picsum.photos/600/600?random=5512,2,0
4ddfbad9-9c87-448e-a43c-b3a23da4a12b,25,2025-02-15,Exploring the city ğŸ™ï¸,https://picsum.photos/600/600?random=2728,1,1
62faab17-58ca-4cf0-b417-2e0812095a9a,27,2025-01-01,Workout done ğŸ’ª,https://picsum.photos/600/600?random=8172,1,0
67d93957-e8f9-4aa8-bd97-799b104eb73c,27,2025-04-17,Delicious food ğŸ•,https://picsum.photos/600/600?random=7334,1,0
1aa4ce92-cde3-4b89-bb96-12ba24f9c268,29,2025-02-01,Feeling grateful ğŸ™,https://picsum.photos/600/600?random=7667,0,0
9d51042e-1033-4227-90d4-c7dca12d9447,29,2025-02-09,Life is beautiful âœ¨,https://picsum.photos/600/600?random=8726,1,0
e1c93465-a866-4fd2-bd9b-8b65ab18756a,31,2025-06-07,Weekend mood ğŸ˜,https://picsum.photos/600/600?random=9278,3,0
03a3b40c-2905-4ce9-9143-5205a782b74f,34,2024-12-21,Nature walk ğŸŒ¿,https://picsum.photos/600/600?random=2199,0,0
a8658c7a-e3f2-40dd-9bdc-f22ae57b9a25,34,2025-08-10,Feeling grateful ğŸ™,https://picsum.photos/600/600?random=3067,1,0
d65cae3f-5884-4dbb-ab53-d5723c567a6b,34,2025-08-17,Sunset vibes ğŸŒ…,https://picsum.photos/600/600?random=6963,1,0
4ee67b62-a57b-4df8-b140-ae4ad24c89a9,37,2025-06-16,Life is beautiful âœ¨,https://picsum.photos/600/600?random=6611,0,0
5e1c860f-5d29-4893-bd1e-d3b717872f0d,37,2025-05-23,Music is life ğŸµ,https://picsum.photos/600/600?random=5939,0,0
7716a9e3-5d33-4a08-8f80-0d0d80953f3d,37,2025-05-28,Sunset vibes ğŸŒ…,https://picsum.photos/600/600?random=6694,1,0
b9f0c296-fd86-41ad-bb5d-079b8d1a2821,37,2025-07-26,Delicious food ğŸ•,https://picsum.photos/600/600?random=2622,0,0
e8330eac-7797-4f68-9cd1-a046b6c89a8e,53,2024-11-23,Life is beautiful âœ¨,https://picsum.photos/600/600?random=3228,1,0
fe5cd367-8825-483e-8199-dc3d21a11e75,53,2025-02-12,Exploring the city ğŸ™ï¸,https://picsum.photos/600/600?random=7200,0,0
af408eb5-faa0-42df-b0b5-f834ec714648,53,2024-11-05,Workout done ğŸ’ª,https://picsum.photos/600/600?random=8839,1,0
241413e9-a61b-4627-bfe7-67c0410ef390,53,2025-01-06,Feeling grateful ğŸ™,https://picsum.photos/600/600?random=4245,0,0
c5cd2e8e-fcda-494d-a867-dfc963ddf9e2,54,2025-08-24,Feeling grateful ğŸ™,https://picsum.photos/600/600?random=1642,0,0
2d9e7027-4653-4983-bb96-0f4bd9fd9115,54,2024-11-13,Workout done ğŸ’ª,https://picsum.photos/600/600?random=8115,0,0
b0fc9b32-7f00-46bb-b810-477db1eca235,54,2024-12-31,Nature walk ğŸŒ¿,https://picsum.photos/600/600?random=5704,0,0
7636c957-0021-40a9-b283-823349e5aa74,54,2025-04-24,Coffee time â˜•,https://picsum.photos/600/600?random=5209,0,0
be4aef73-b7e3-44b4-8949-d325dbf83fcd,56,2024-12-12,Workout done ğŸ’ª,https://picsum.photos/600/600?random=4159,0,0
7c65a5e1-9b10-4107-a2a3-241aff8ad732,56,2024-10-01,Weekend mood ğŸ˜,https://picsum.photos/600/600?random=3581,1,0
81973c72-a0f2-49e9-a62a-f9364b6c4579,56,2024-11-07,Nature walk ğŸŒ¿,https://picsum.photos/600/600?random=1866,0,0
82ce8bb9-6170-444f-93e7-aa5846b540e2,56,2024-12-29,Exploring the city ğŸ™ï¸,https://picsum.photos/600/600?random=2041,1,0
b25b5658-04f8-49d4-a59b-ac74e04dbdf2,59,2024-11-23,Life is beautiful âœ¨,https://picsum.photos/600/600?random=6324,3,1
0284b01f-2976-4b4e-8038-880de2832a3a,62,2024-09-02,Life is beautiful âœ¨,https://picsum.photos/600/600?random=337,2,0
0b5924e1-c9b2-4df1-b4f1-f200a42d670f,62,2025-08-05,Weekend mood ğŸ˜,https://picsum.photos/600/600?random=1819,1,0
d256ad8c-cb5e-4d64-a243-0bbe210a9163,62,2024-11-19,Feeling grateful ğŸ™,https://picsum.photos/600/600?random=3540,0,0
f02998f5-9dbc-4a63-ab91-7349e524db1d,64,2025-03-09,Feeling grateful ğŸ™,https://picsum.photos/600/600?random=7756,1,0
83b59eee-8a5e-4b31-b623-4e984c9d9d17,64,2025-03-31,Coffee time â˜•,https://picsum.photos/600/600?random=4090,1,0
2f8b87bc-28e3-4109-b3d9-39e89a84355d,64,2024-10-24,Delicious food ğŸ•,https://picsum.photos/600/600?random=1970,2,0
ce63c526-0018-445f-b7f1-96c06b20a376,71,2025-05-26,Feeling grateful ğŸ™,https://picsum.photos/600/600?random=3981,0,0
71cfdd5d-880f-4d58-9e03-1889ed0ae3d2,71,2025-05-03,Delicious food ğŸ•,https://picsum.photos/600/600?random=4611,0,0
184eceda-7dfa-4112-a4c9-357554a79276,71,2025-06-18,Coffee time â˜•,https://picsum.photos/600/600?random=8128,0,0
f3af5fb4-f39a-4a87-838e-1e92767647e6,71,2024-10-21,Feeling grateful ğŸ™,https://picsum.photos/600/600?random=6553,1,0
609824b7-74be-4fd3-9182-e030c7d36e26,76,2024-09-07,Exploring the city ğŸ™ï¸,https://picsum.photos/600/600?random=7784,0,0
00f99ade-076b-4d0c-abb6-1ac91796c51e,76,2025-08-24,Exploring the city ğŸ™ï¸,https://picsum.photos/600/600?random=2267,0,0
6842f568-055c-4dd9-b690-67c19b9277c0,79,2024-12-16,Exploring the city ğŸ™ï¸,https://picsum.photos/600/600?random=2398,0,0
99449647-5a15-419c-9236-38c937cd41f1,79,2024-11-09,Exploring the city ğŸ™ï¸,https://picsum.photos/600/600?random=493,0,0
aa051529-3ad3-440a-b64a-9c697bf52e3c,79,2025-02-27,Exploring the city ğŸ™ï¸,https://picsum.photos/600/600?random=7195,0,0
32db6e9e-9adc-466a-9d3b-719893fe6d9c,79,2024-09-16,Nature walk ğŸŒ¿,https://picsum.photos/600/600?random=5950,1,0
4fdcd3b5-cf05-4087-9cb2-d6e4b2e1a8de,80,2024-10-17,Nature walk ğŸŒ¿,https://picsum.photos/600/600?random=9853,1,1
d5b2bfa9-49fa-4642-9e6d-f84f84c29614,81,2024-09-11,Delicious food ğŸ•,https://picsum.photos/600/600?random=1646,3,1
35454a1f-77ae-467f-b416-f95f1f7bede0,81,2025-05-01,Life is beautiful âœ¨,https://picsum.photos/600/600?random=9844,1,0
15af8d27-8d0a-431b-91cb-1394d3418b0b,81,2024-12-01,Workout done ğŸ’ª,https://picsum.photos/600/600?random=52,1,0
abc504eb-f2e3-4d43-ae20-5c30070dbe24,81,2024-12-03,Sunset vibes ğŸŒ…,https://picsum.photos/600/600?random=6036,1,0
06272bff-ed02-4b36-852f-e6cec409a4e8,84,2025-08-18,Sunset vibes ğŸŒ…,https://picsum.photos/600/600?random=4012,6,0
2fb40340-c1ae-43de-a4be-eb71fcc08dec,90,2025-07-01,Exploring the city ğŸ™ï¸,https://picsum.photos/600/600?random=3076,0,0
f29da103-08b6-4f4f-8f4f-e400fbddf7be,90,2025-08-14,Music is life ğŸµ,https://picsum.photos/600/600?random=9397,0,0
1a222ede-996d-4e9a-ae1e-3d7e448c0354,92,2024-09-09,Weekend mood ğŸ˜,https://picsum.photos/600/600?random=5303,0,0
a9839e6b-f725-477c-b2fc-a5eb02c3a45a,92,2024-10-02,Workout done ğŸ’ª,https://picsum.photos/600/600?random=4155,1,0
f4663df5-d294-4f52-8fe9-5fdb6ac9ea25,93,2025-06-23,Feeling grateful ğŸ™,https://picsum.photos/600/600?random=4271,0,0
85215ac3-d303-40ff-b79d-246bc3b3b7f2,93,2024-10-22,Sunset vibes ğŸŒ…,https://picsum.photos/600/600?random=3384,0,0
aea5e265-1347-4b9b-8300-31997d2745a0,93,2025-07-25,Sunset vibes ğŸŒ…,https://picsum.photos/600/600?random=3480,1,0
fac1d173-baa9-44f4-b4de-02a5c9a53185,93,2025-02-01,Workout done ğŸ’ª,https://picsum.photos/600/600?random=3877,3,0
b7069589-cb2d-4b48-9cf1-afd745654157,94,2024-11-28,Delicious food ğŸ•,https://picsum.photos/600/600?random=8422,0,0
d83461bb-9685-414b-b437-90abe016c7f0,94,2024-12-11,Weekend mood ğŸ˜,https://picsum.photos/600/600?random=552,1,0
6bbe77e4-7c70-4981-ac45-623f05d83354,94,2025-05-23,Music is life ğŸµ,https://picsum.photos/600/600?random=2588,1,0
683afeb7-d5fc-4be3-8164-f8761061783f,94,2025-03-29,Delicious food ğŸ•,https://picsum.photos/600/600?random=2336,0,0
88a42b0a-4ad4-4e49-979a-80040b9d4ad8,96,2024-10-29,Workout done ğŸ’ª,https://picsum.photos/600/600?random=677,2,0
ee044f4f-129d-4c7e-ad0b-8e228e9539ad,101,2024-10-02,Exploring the city ğŸ™ï¸,https://picsum.photos/600/600?random=4466,1,0
b153d804-7169-48c7-a757-98df472ee9c0,101,2025-06-10,Music is life ğŸµ,https://picsum.photos/600/600?random=9194,1,0
ee9048e3-1a11-47ff-81c3-deab05b5bd43,107,2024-11-22,Sunset vibes ğŸŒ…,https://picsum.photos/600/600?random=7503,0,0
7a24af13-6fb7-4c34-8d87-d7f1de295a63,107,2025-01-14,Music is life ğŸµ,https://picsum.photos/600/600?random=9659,1,0
8fe868aa-bfcd-4e0d-93ed-446af8112f7a,110,2024-11-03,Sunset vibes ğŸŒ…,https://picsum.photos/600/600?random=1531,0,0
89d919bc-569f-48c6-874a-df51dd8de3ed,110,2024-12-31,Music is life ğŸµ,https://picsum.photos/600/600?random=1837,1,0
9bf1f763-1063-4a4f-8c3b-f1677cb6bedd,110,2024-12-19,Workout done ğŸ’ª,https://picsum.photos/600/600?random=7562,2,0
c84c5c22-2c61-4832-be49-fd92253df0e8,111,2025-08-04,Weekend mood ğŸ˜,https://picsum.photos/600/600?random=4031,0,0
74e18d1a-d339-461c-892f-c2005194a411,111,2025-01-31,Exploring the city ğŸ™ï¸,https://picsum.photos/600/600?random=8630,2,0
e01f30fd-6aba-452c-b51c-5f5dab33c71b,113,2025-08-12,Exploring the city ğŸ™ï¸,https://picsum.photos/600/600?random=3306,1,0
1f594f28-3683-4117-ae28-2f39b15f3166,113,2024-09-16,Delicious food ğŸ•,https://picsum.photos/600/600?random=434,2,0
896003c4-bb91-49ac-ba6b-113a9f784976,118,2025-08-17,Music is life ğŸµ,https://picsum.photos/600/600?random=4895,0,0
e4664eb1-09df-4c04-b772-e3f05eb8722e,118,2025-03-25,Feeling grateful ğŸ™,https://picsum.photos/600/600?random=7253,0,0
9e2d9bf9-1d61-4541-a696-01b42f5bd109,118,2025-02-11,Music is life ğŸµ,https://picsum.photos/600/600?random=2057,3,0
77bf4937-ab8a-4122-bd45-0db1fd304489,119,2025-06-03,Nature walk ğŸŒ¿,https://picsum.photos/600/600?random=7491,1,0
e35f4993-4558-4562-939f-9e5a7bbf270b,127,2024-12-14,Workout done ğŸ’ª,https://picsum.photos/600/600?random=9974,1,0
fc386206-436b-42ee-b5c9-81b9d404f551,127,2024-10-29,Exploring the city ğŸ™ï¸,https://picsum.photos/600/600?random=7478,1,0
836d4ec3-6bfe-404a-9ff6-518005815a16,127,2024-11-28,Workout done ğŸ’ª,https://picsum.photos/600/600?random=6393,2,1
65f03418-dcf8-4ac0-8732-c8e4a7b1b120,133,2024-12-11,Feeling grateful ğŸ™,https://picsum.photos/600/600?random=3713,0,0
865e7d4a-84d6-4955-ac8d-71034fb6bcbd,133,2025-05-21,Coffee time â˜•,https://picsum.photos/600/600?random=3515,1,0
e51da9cc-14b8-4a1b-9b26-416f3ff48072,133,2025-07-17,Weekend mood ğŸ˜,https://picsum.photos/600/600?random=7683,2,0
a366e92d-22cc-4d93-8d64-4ff0b3cd18e1,134,2024-12-31,Weekend mood ğŸ˜,https://picsum.photos/600/600?random=528,3,1
eaa9bebb-78ce-4b46-babb-bc16f48fba56,136,2024-11-19,Exploring the city ğŸ™ï¸,https://picsum.photos/600/600?random=4011,1,0
e9a365ba-586e-4c53-9a76-0340d565d879,136,2025-05-09,Workout done ğŸ’ª,https://picsum.photos/600/600?random=1501,0,0
b822cc24-f0f0-412a-a65a-45819bb30c49,136,2025-01-13,Workout done ğŸ’ª,https://picsum.photos/600/600?random=4913,2,0
054ccb94-83d0-42c3-b3c4-eab09dc9ce73,136,2025-03-12,Delicious food ğŸ•,https://picsum.photos/600/600?random=7543,2,0
f9cfb1ce-1995-4573-ba36-609a0c95dfc2,139,2025-06-06,Nature walk ğŸŒ¿,https://picsum.photos/600/600?random=2918,3,2
4ea9792e-d270-42c1-8413-9644b3c180d7,139,2025-07-06,Weekend mood ğŸ˜,https://picsum.photos/600/600?random=4224,0,0
332980b8-1ea8-44b8-8ac5-09166d4bbdd8,139,2025-06-28,Delicious food ğŸ•,https://picsum.photos/600/600?random=9669,1,0
e3e7e303-0c3d-4c5f-9a89-b2122efbb0fb,140,2025-02-02,Music is life ğŸµ,https://picsum.photos/600/600?random=7950,1,1
89f46b43-8682-4edb-9e35-429371e5e597,140,2024-12-26,Life is beautiful âœ¨,https://picsum.photos/600/600?random=1872,0,0
be6280ba-4c05-48e2-a22e-e3b8251d0e73,140,2024-10-25,Nature walk ğŸŒ¿,https://picsum.photos/600/600?random=8446,0,0
2d097e14-da74-4249-9ce2-b7f0b5a5936d,140,2025-06-08,Feeling grateful ğŸ™,https://picsum.photos/600/600?random=3066,1,0
1bf15977-9767-4bf7-8c38-7bfd8882ed5a,144,2025-01-25,Delicious food ğŸ•,https://picsum.photos/600/600?random=2064,2,2
783e133d-27bf-4c57-9059-bbf04c56b884,144,2025-01-29,Feeling grateful ğŸ™,https://picsum.photos/600/600?random=8456,1,0
f3b2406f-2355-44ca-9db3-7a30660a7ce4,144,2025-05-08,Feeling grateful ğŸ™,https://picsum.photos/600/600?random=9742,2,1
12dbe6d6-1b27-4c62-8142-45867f9b91b7,147,2025-04-07,Music is life ğŸµ,https://picsum.photos/600/600?random=641,2,0
27971776-b58f-4d5e-a711-ea673f7617e9,147,2024-12-06,Workout done ğŸ’ª,https://picsum.photos/600/600?random=4249,2,0
3991f315-e36a-452f-bc46-b8593cd22233,147,2025-02-05,Sunset vibes ğŸŒ…,https://picsum.photos/600/600?random=2452,2,0
2676d3af-a21c-4bf6-97a5-60154e94db5f,148,2024-10-25,Life is beautiful âœ¨,https://picsum.photos/600/600?random=1917,0,0
943b227c-25de-4e32-90d9-1e72c951fdb4,148,2025-02-27,Coffee time â˜•,https://picsum.photos/600/600?random=5821,3,1
7ab1b79e-adf8-42b7-aa46-58b981408148,148,2025-04-28,Sunset vibes ğŸŒ…,https://picsum.photos/600/600?random=7674,2,0
edf57221-ea09-4839-b1a9-f89ba3ae7dd7,149,2025-05-17,Nature walk ğŸŒ¿,https://picsum.photos/600/600?random=6157,0,0
ea5841dc-ac68-43fb-8d30-c5022771c9e7,150,2025-03-08,Feeling grateful ğŸ™,https://picsum.photos/600/600?random=7453,1,0
780442fb-23d0-40c1-843e-dd3fdd3e1f26,150,2025-05-28,Sunset vibes ğŸŒ…,https://picsum.photos/600/600?random=5578,0,0
4fe34045-f4e9-4290-be07-47f173c46482,150,2025-02-21,Delicious food ğŸ•,https://picsum.photos/600/600?random=5116,0,0
bab81683-aede-4421-ab65-e30fe1a6be3a,151,2024-09-03,Workout done ğŸ’ª,https://picsum.photos/600/600?random=3756,1,0
1f483082-2fe1-49d1-a3cf-38cb63b6c38d,151,2024-09-21,Nature walk ğŸŒ¿,https://picsum.photos/600/600?random=878,2,0
bc290ed3-5e1d-4736-a664-55c9672948ca,155,2025-03-29,Feeling grateful ğŸ™,https://picsum.photos/600/600?random=1555,1,0
e225f113-a701-4ea0-af1f-99be8c6227ae,156,2024-10-19,Nature walk ğŸŒ¿,https://picsum.photos/600/600?random=8609,0,0
d40b5d48-cffc-4b17-91e1-41881454bf76,156,2025-08-06,Nature walk ğŸŒ¿,https://picsum.photos/600/600?random=8140,0,0
d8a4016f-d063-4793-82c4-4496e4abd562,156,2024-12-06,Feeling grateful ğŸ™,https://picsum.photos/600/600?random=3655,0,0
5c2b3fc4-72cb-475f-9781-9469bdcffbca,156,2025-07-26,Feeling grateful ğŸ™,https://picsum.photos/600/600?random=886,0,0
8dc2bcfc-8ec5-4cb7-9b7f-8ab113a76255,163,2024-09-26,Life is beautiful âœ¨,https://picsum.photos/600/600?random=9827,2,0
55107796-2d53-4d54-997f-bd306e19fee1,163,2025-06-04,Nature walk ğŸŒ¿,https://picsum.photos/600/600?random=4977,2,0
6d839433-6dd3-424a-9369-695c64b688ec,163,2025-03-26,Music is life ğŸµ,https://picsum.photos/600/600?random=3197,2,0
ab95075f-eec6-4fb2-9cd6-628137427cdc,163,2025-02-05,Music is life ğŸµ,https://picsum.photos/600/600?random=5937,3,0
8f2e1e1d-a1df-4d17-bdf5-6ca6dc533595,164,2024-12-22,Workout done ğŸ’ª,https://picsum.photos/600/600?random=8407,0,0
37d73fa3-1644-4236-8661-97490a04098f,165,2025-01-12,Nature walk ğŸŒ¿,https://picsum.photos/600/600?random=1003,0,0
dc6d7f4a-4fd7-43a0-9335-291b14688bfa,165,2025-01-05,Feeling grateful ğŸ™,https://picsum.photos/600/600?random=2146,0,0
67467fb4-88ed-425d-9e94-d3da0d1737b2,166,2024-12-12,Sunset vibes ğŸŒ…,https://picsum.photos/600/600?random=9881,1,0
fe7ef09d-a6d8-4d16-bd7d-7cfaa898c1a5,166,2025-08-26,Workout done ğŸ’ª,https://picsum.photos/600/600?random=5356,0,0
d8ed1f09-9f6d-4d12-9b4d-9162156b6132,180,2025-03-08,Delicious food ğŸ•,https://picsum.photos/600/600?random=2501,0,0
4112f8dd-b4e2-4726-b8d1-9561060f69e4,180,2024-08-30,Workout done ğŸ’ª,https://picsum.photos/600/600?random=7951,1,0
db113714-9f49-4446-9385-74cddb8bdd3e,182,2025-04-25,Coffee time â˜•,https://picsum.photos/600/600?random=1152,2,1
84471cb0-a04f-4942-b155-6515bc471c37,182,2025-07-04,Coffee time â˜•,https://picsum.photos/600/600?random=9581,1,0
01b3eef2-9304-47e6-9f01-07710f058650,183,2025-01-27,Delicious food ğŸ•,https://picsum.photos/600/600?random=6058,0,0
2517eefe-d461-4270-9ec4-07737b82e942,183,2024-11-14,Sunset vibes ğŸŒ…,https://picsum.photos/600/600?random=4876,0,0
9005b463-fe8e-4683-90bf-8283fc0d42b5,190,2025-03-30,Music is life ğŸµ,https://picsum.photos/600/600?random=1757,0,0
46eef022-c072-46fd-9bd7-89a961924861,190,2024-10-13,Sunset vibes ğŸŒ…,https://picsum.photos/600/600?random=2094,0,0
